{
  "project_info": {
    "project_number": "669092865797",
    "project_id": "appayuda-365e5",
    "storage_bucket": "appayuda-365e5.firebasestorage.app"
  },
  "client": [
    {
      "client_info": {
        "mobilesdk_app_id": "1:669092865797:android:e1be2ea0551d8a0a49f96c",
        "android_client_info": {
          "package_name": "com.example.appayuda"
        }
      },
      "oauth_client": [],
      "api_key": [
        {
          "current_key": "AIzaSyA50JakKxpTSRkOcHDV0Yna9TwymtoD6FU"
        }
      ],
      "services": {
        "appinvite_service": {
          "other_platform_oauth_client": []
        }
      }
    }
  ],
  "configuration_version": "1"
}